,Unnamed: 0,Time,Area,cell_number
0,0,0,544,cell_2
1,1,1,545,cell_2
2,2,2,546,cell_2
3,3,3,539,cell_2
4,4,4,554,cell_2
5,5,5,525,cell_2
6,6,6,565,cell_2
7,7,7,553,cell_2
8,8,8,553,cell_2
9,9,9,551,cell_2
10,10,10,557,cell_2
11,11,11,544,cell_2
12,12,12,544,cell_2
13,13,13,543,cell_2
14,14,14,543,cell_2
15,15,15,546,cell_2
16,16,16,541,cell_2
17,17,17,549,cell_2
18,18,18,547,cell_2
19,19,19,543,cell_2
20,20,20,549,cell_2
21,21,21,539,cell_2
22,22,22,540,cell_2
23,23,23,536,cell_2
24,24,24,545,cell_2
25,25,25,818,cell_2
26,26,26,537,cell_2
27,27,27,546,cell_2
28,28,28,555,cell_2
29,29,29,550,cell_2
30,30,30,538,cell_2
31,31,31,531,cell_2
32,32,32,537,cell_2
33,33,33,527,cell_2
34,34,34,540,cell_2
35,35,35,544,cell_2
36,36,36,541,cell_2
37,37,37,546,cell_2
38,38,38,539,cell_2
39,39,39,546,cell_2
40,40,40,546,cell_2
41,41,41,548,cell_2
42,42,42,539,cell_2
43,43,43,543,cell_2
44,44,44,546,cell_2
45,45,45,544,cell_2
46,46,46,551,cell_2
47,47,47,535,cell_2
48,48,48,547,cell_2
49,49,49,542,cell_2
50,50,50,545,cell_2
51,51,51,538,cell_2
52,52,52,549,cell_2
53,53,53,536,cell_2
54,54,54,548,cell_2
55,55,55,538,cell_2
56,56,56,533,cell_2
57,57,57,539,cell_2
58,58,58,540,cell_2
59,59,59,543,cell_2
60,60,60,537,cell_2
61,61,61,546,cell_2
62,62,62,538,cell_2
63,63,63,534,cell_2
64,64,64,538,cell_2
65,65,65,538,cell_2
66,66,66,541,cell_2
67,67,67,536,cell_2
68,68,68,548,cell_2
69,69,69,545,cell_2
70,70,70,542,cell_2
71,71,71,553,cell_2
72,72,72,547,cell_2
73,73,73,540,cell_2
74,74,74,542,cell_2
75,75,75,542,cell_2
76,76,76,550,cell_2
77,77,77,548,cell_2
78,78,78,545,cell_2
79,79,79,549,cell_2
80,80,80,544,cell_2
81,81,81,549,cell_2
82,82,82,549,cell_2
83,83,83,543,cell_2
84,84,84,543,cell_2
85,85,85,543,cell_2
86,86,86,538,cell_2
87,87,87,540,cell_2
88,88,88,542,cell_2
89,89,89,582,cell_2
90,90,90,560,cell_2
91,91,91,549,cell_2
92,92,92,560,cell_2
93,93,93,561,cell_2
94,94,94,604,cell_2
95,95,95,582,cell_2
96,96,96,589,cell_2
97,97,97,598,cell_2
98,98,98,596,cell_2
99,99,99,593,cell_2
100,100,100,594,cell_2
101,101,101,583,cell_2
102,102,102,568,cell_2
103,103,103,572,cell_2
104,104,104,584,cell_2
105,105,105,609,cell_2
106,106,106,594,cell_2
107,107,107,614,cell_2
108,108,108,731,cell_2
109,109,109,940,cell_2
110,110,110,1078,cell_2
111,111,111,603,cell_2
112,112,112,600,cell_2
113,113,113,586,cell_2
114,114,114,574,cell_2
115,115,115,581,cell_2
116,116,116,594,cell_2
117,117,117,599,cell_2
118,118,118,602,cell_2
119,119,119,535,cell_2
120,120,120,544,cell_2
121,121,121,620,cell_2
122,122,122,547,cell_2
123,123,123,616,cell_2
124,124,124,603,cell_2
125,125,125,611,cell_2
126,126,126,597,cell_2
127,127,127,591,cell_2
128,128,128,524,cell_2
129,129,129,591,cell_2
130,130,130,530,cell_2
131,131,131,538,cell_2
132,132,132,606,cell_2
133,133,133,591,cell_2
134,134,134,603,cell_2
135,135,135,603,cell_2
136,136,136,605,cell_2
137,137,137,587,cell_2
138,138,138,906,cell_2
139,139,139,543,cell_2
140,140,140,546,cell_2
141,141,141,540,cell_2
142,142,142,537,cell_2
143,143,143,538,cell_2
144,144,144,596,cell_2
145,145,145,574,cell_2
146,146,146,574,cell_2
147,147,147,581,cell_2
148,148,148,565,cell_2
149,149,149,548,cell_2
150,150,150,558,cell_2
151,151,151,582,cell_2
152,152,152,598,cell_2
153,153,153,604,cell_2
154,154,154,590,cell_2
155,155,155,588,cell_2
156,156,156,592,cell_2
157,157,157,600,cell_2
158,158,158,590,cell_2
159,159,159,608,cell_2
160,160,160,594,cell_2
161,161,161,585,cell_2
162,162,162,573,cell_2
163,163,163,596,cell_2
164,164,164,593,cell_2
165,165,165,625,cell_2
166,166,166,599,cell_2
167,167,167,594,cell_2
168,168,168,584,cell_2
169,169,169,580,cell_2
170,170,170,557,cell_2
171,171,171,562,cell_2
172,172,172,588,cell_2
173,173,173,526,cell_2
174,174,174,532,cell_2
175,175,175,533,cell_2
176,176,176,531,cell_2
177,177,177,523,cell_2
178,178,178,542,cell_2
179,179,179,532,cell_2
180,180,180,530,cell_2
181,181,181,544,cell_2
182,182,182,539,cell_2
183,183,183,592,cell_2
184,184,184,587,cell_2
185,185,185,586,cell_2
186,186,186,600,cell_2
187,187,187,585,cell_2
188,188,188,607,cell_2
189,189,189,582,cell_2
190,190,190,582,cell_2
191,191,191,573,cell_2
192,192,192,573,cell_2
193,193,193,579,cell_2
194,194,194,585,cell_2
195,195,195,582,cell_2
196,196,196,590,cell_2
197,197,197,583,cell_2
198,198,198,594,cell_2
199,199,199,582,cell_2
200,200,200,580,cell_2
201,201,201,566,cell_2
202,202,202,577,cell_2
203,203,203,573,cell_2
204,204,204,588,cell_2
205,205,205,581,cell_2
206,206,206,582,cell_2
207,207,207,576,cell_2
208,208,208,580,cell_2
209,209,209,585,cell_2
210,210,210,582,cell_2
211,211,211,575,cell_2
212,212,212,576,cell_2
213,213,213,577,cell_2
214,214,214,570,cell_2
215,215,215,583,cell_2
216,216,216,571,cell_2
217,217,217,549,cell_2
218,218,218,557,cell_2
219,219,219,553,cell_2
220,220,220,549,cell_2
221,221,221,546,cell_2
222,222,222,560,cell_2
223,223,223,586,cell_2
224,224,224,581,cell_2
225,225,225,570,cell_2
226,226,226,578,cell_2
227,227,227,583,cell_2
228,228,228,584,cell_2
229,229,229,577,cell_2
230,230,230,571,cell_2
231,231,231,581,cell_2
232,232,232,583,cell_2
233,233,233,519,cell_2
234,234,234,527,cell_2
235,235,235,522,cell_2
236,236,236,525,cell_2
237,237,237,529,cell_2
238,238,238,530,cell_2
239,239,239,523,cell_2
240,240,240,529,cell_2
241,241,241,528,cell_2
242,242,242,536,cell_2
243,243,243,527,cell_2
244,244,244,544,cell_2
245,245,245,534,cell_2
246,246,246,533,cell_2
247,247,247,540,cell_2
248,248,248,527,cell_2
249,249,249,531,cell_2
250,250,250,540,cell_2
251,251,251,523,cell_2
252,252,252,545,cell_2
253,253,253,541,cell_2
254,254,254,541,cell_2
255,255,255,539,cell_2
256,256,256,538,cell_2
257,257,257,537,cell_2
258,258,258,538,cell_2
259,259,259,548,cell_2
260,260,260,543,cell_2
261,261,261,543,cell_2
262,262,262,543,cell_2
263,263,263,537,cell_2
264,264,264,537,cell_2
265,265,265,545,cell_2
266,266,266,547,cell_2
267,267,267,598,cell_2
268,268,268,548,cell_2
269,269,269,796,cell_2
270,270,270,525,cell_2
271,271,271,540,cell_2
272,272,272,530,cell_2
273,273,273,529,cell_2
274,274,274,537,cell_2
275,275,275,539,cell_2
276,276,276,533,cell_2
277,277,277,533,cell_2
278,278,278,536,cell_2
279,279,279,594,cell_2
280,280,280,575,cell_2
281,281,281,577,cell_2
282,282,282,532,cell_2
283,283,283,524,cell_2
284,284,284,527,cell_2
285,285,285,531,cell_2
286,286,286,529,cell_2
287,287,287,527,cell_2
288,288,288,523,cell_2
289,289,289,521,cell_2
290,290,290,521,cell_2
291,291,291,524,cell_2
292,292,292,521,cell_2
293,293,293,520,cell_2
294,294,294,518,cell_2
295,295,295,580,cell_2
296,296,296,528,cell_2
297,297,297,578,cell_2
298,298,298,518,cell_2
299,299,299,584,cell_2
300,300,300,569,cell_2
301,301,301,514,cell_2
302,302,302,584,cell_2
303,303,303,598,cell_2
304,304,304,572,cell_2
305,305,305,606,cell_2
306,306,306,528,cell_2
307,307,307,527,cell_2
308,308,308,873,cell_2
309,309,309,908,cell_2
310,310,310,560,cell_2
311,311,311,562,cell_2
312,312,312,872,cell_2
313,313,313,569,cell_2
314,314,314,578,cell_2
315,315,315,581,cell_2
316,316,316,536,cell_2
317,317,317,603,cell_2
318,318,318,1151,cell_2
319,319,319,604,cell_2
320,320,320,968,cell_2
321,321,321,933,cell_2
322,322,322,662,cell_2
323,323,323,565,cell_2
324,324,324,613,cell_2
325,325,325,541,cell_2
326,326,326,1025,cell_2
327,327,327,812,cell_2
328,328,328,567,cell_2
329,329,329,574,cell_2
330,330,330,522,cell_2
331,331,331,525,cell_2
332,332,332,523,cell_2
333,333,333,584,cell_2
334,334,334,572,cell_2
335,335,335,521,cell_2
336,336,336,521,cell_2
337,337,337,523,cell_2
338,338,338,527,cell_2
339,339,339,585,cell_2
340,340,340,524,cell_2
341,341,341,580,cell_2
342,342,342,586,cell_2
343,343,343,571,cell_2
344,344,344,564,cell_2
345,345,345,581,cell_2
346,346,346,573,cell_2
347,347,347,531,cell_2
348,348,348,735,cell_2
349,349,349,588,cell_2
350,350,350,507,cell_2
351,351,351,516,cell_2
352,352,352,532,cell_2
353,353,353,524,cell_2
354,354,354,510,cell_2
355,355,355,501,cell_2
356,356,356,541,cell_2
357,357,357,528,cell_2
358,358,358,885,cell_2
359,359,359,519,cell_2
360,360,360,522,cell_2
361,361,361,501,cell_2
362,362,362,507,cell_2
363,363,363,514,cell_2
364,364,364,576,cell_2
365,365,365,518,cell_2
366,366,366,776,cell_2
367,367,367,1190,cell_2
368,368,368,593,cell_2
369,369,369,585,cell_2
370,370,370,573,cell_2
371,371,371,519,cell_2
372,372,372,513,cell_2
373,373,373,514,cell_2
374,374,374,510,cell_2
375,375,375,517,cell_2
376,376,376,515,cell_2
377,377,377,512,cell_2
378,378,378,514,cell_2
379,379,379,510,cell_2
380,380,380,514,cell_2
381,381,381,621,cell_2
382,382,382,526,cell_2
383,383,383,513,cell_2
384,384,384,510,cell_2
385,385,385,508,cell_2
386,386,386,514,cell_2
387,387,387,512,cell_2
388,388,388,509,cell_2
389,389,389,509,cell_2
390,390,390,510,cell_2
391,391,391,511,cell_2
392,392,392,514,cell_2
393,393,393,517,cell_2
394,394,394,511,cell_2
395,395,395,515,cell_2
396,396,396,511,cell_2
397,397,397,510,cell_2
398,398,398,513,cell_2
399,399,399,513,cell_2
400,400,400,521,cell_2
401,401,401,519,cell_2
402,402,402,523,cell_2
403,403,403,516,cell_2
404,404,404,520,cell_2
405,405,405,519,cell_2
406,406,406,521,cell_2
407,407,407,526,cell_2
408,408,408,520,cell_2
409,409,409,517,cell_2
410,410,410,521,cell_2
411,411,411,517,cell_2
412,412,412,513,cell_2
413,413,413,520,cell_2
414,414,414,551,cell_2
415,415,415,525,cell_2
416,416,416,525,cell_2
417,417,417,521,cell_2
418,418,418,645,cell_2
419,419,419,688,cell_2
420,420,420,502,cell_2
421,421,421,258,cell_2
422,422,422,561,cell_2
423,423,423,533,cell_2
424,424,424,525,cell_2
425,425,425,524,cell_2
426,426,426,518,cell_2
427,427,427,520,cell_2
428,428,428,524,cell_2
429,429,429,522,cell_2
430,430,430,528,cell_2
431,431,431,517,cell_2
432,432,432,527,cell_2
433,433,433,520,cell_2
434,434,434,520,cell_2
435,435,435,529,cell_2
436,436,436,565,cell_2
437,437,437,519,cell_2
438,438,438,509,cell_2
439,439,439,520,cell_2
440,440,440,512,cell_2
441,441,441,520,cell_2
442,442,442,524,cell_2
443,443,443,1158,cell_2
444,444,444,708,cell_2
445,445,445,663,cell_2
446,446,446,517,cell_2
447,447,447,520,cell_2
448,448,448,536,cell_2
449,449,449,517,cell_2
450,450,450,526,cell_2
451,451,451,525,cell_2
452,452,452,525,cell_2
453,453,453,518,cell_2
454,454,454,524,cell_2
455,455,455,1045,cell_2
456,456,456,521,cell_2
457,457,457,523,cell_2
458,458,458,520,cell_2
459,459,459,522,cell_2
460,460,460,519,cell_2
461,461,461,521,cell_2
462,462,462,508,cell_2
463,463,463,517,cell_2
464,464,464,527,cell_2
465,465,465,524,cell_2
466,466,466,519,cell_2
467,467,467,523,cell_2
468,468,468,518,cell_2
469,469,469,522,cell_2
470,470,470,514,cell_2
471,471,471,520,cell_2
472,472,472,523,cell_2
473,473,473,525,cell_2
474,474,474,519,cell_2
475,475,475,517,cell_2
476,476,476,524,cell_2
477,477,477,522,cell_2
478,478,478,526,cell_2
479,479,479,517,cell_2
480,480,480,520,cell_2
481,481,481,517,cell_2
482,482,482,526,cell_2
483,483,483,527,cell_2
484,484,484,521,cell_2
485,485,485,527,cell_2
486,486,486,528,cell_2
487,487,487,529,cell_2
488,488,488,530,cell_2
489,489,489,527,cell_2
490,490,490,533,cell_2
491,491,491,522,cell_2
492,492,492,528,cell_2
493,493,493,525,cell_2
494,494,494,528,cell_2
495,495,495,529,cell_2
496,496,496,523,cell_2
497,497,497,529,cell_2
498,498,498,526,cell_2
499,499,499,688,cell_2
500,500,500,567,cell_2
501,501,501,535,cell_2
502,502,502,537,cell_2
503,503,503,533,cell_2
504,504,504,536,cell_2
505,505,505,525,cell_2
506,506,506,534,cell_2
507,507,507,538,cell_2
508,508,508,551,cell_2
509,509,509,538,cell_2
510,510,510,549,cell_2
511,511,511,528,cell_2
512,512,512,520,cell_2
513,513,513,534,cell_2
514,514,514,539,cell_2
515,515,515,537,cell_2
516,516,516,532,cell_2
517,517,517,530,cell_2
518,518,518,531,cell_2
519,519,519,532,cell_2
520,520,520,523,cell_2
521,521,521,529,cell_2
522,522,522,529,cell_2
523,523,523,528,cell_2
524,524,524,535,cell_2
525,525,525,539,cell_2
526,526,526,539,cell_2
527,527,527,538,cell_2
528,528,528,531,cell_2
529,529,529,527,cell_2
530,530,530,535,cell_2
531,531,531,538,cell_2
532,532,532,545,cell_2
533,533,533,539,cell_2
534,534,534,533,cell_2
535,535,535,539,cell_2
536,536,536,536,cell_2
537,537,537,545,cell_2
538,538,538,545,cell_2
539,539,539,540,cell_2
540,540,540,525,cell_2
541,541,541,530,cell_2
542,542,542,535,cell_2
543,543,543,538,cell_2
544,544,544,533,cell_2
545,545,545,772,cell_2
546,546,546,527,cell_2
547,547,547,534,cell_2
548,548,548,548,cell_2
549,549,549,538,cell_2
550,550,550,539,cell_2
551,551,551,855,cell_2
552,552,552,537,cell_2
553,553,553,538,cell_2
554,554,554,525,cell_2
555,555,555,504,cell_2
556,556,556,530,cell_2
557,557,557,680,cell_2
558,558,558,1868,cell_2
559,559,559,559,cell_2
560,560,560,541,cell_2
561,561,561,534,cell_2
562,562,562,535,cell_2
563,563,563,537,cell_2
564,564,564,569,cell_2
565,565,565,555,cell_2
566,566,566,531,cell_2
567,567,567,531,cell_2
568,568,568,535,cell_2
569,569,569,530,cell_2
570,570,570,529,cell_2
571,571,571,540,cell_2
572,572,572,547,cell_2
573,573,573,549,cell_2
574,574,574,544,cell_2
575,575,575,583,cell_2
576,576,576,736,cell_2
577,577,577,556,cell_2
578,578,578,549,cell_2
579,579,579,551,cell_2
580,580,580,553,cell_2
581,581,581,549,cell_2
582,582,582,543,cell_2
583,583,583,551,cell_2
584,584,584,554,cell_2
585,585,585,656,cell_2
586,586,586,556,cell_2
587,587,587,551,cell_2
588,588,588,551,cell_2
589,589,589,550,cell_2
590,590,590,533,cell_2
591,591,591,539,cell_2
592,592,592,542,cell_2
593,593,593,540,cell_2
594,594,594,538,cell_2
595,595,595,537,cell_2
596,596,596,531,cell_2
597,597,597,530,cell_2
598,598,598,535,cell_2
599,599,599,537,cell_2
600,600,600,542,cell_2
601,601,601,531,cell_2
602,602,602,532,cell_2
603,603,603,527,cell_2
604,604,604,533,cell_2
605,605,605,529,cell_2
606,606,606,528,cell_2
607,607,607,522,cell_2
608,608,608,526,cell_2
609,609,609,533,cell_2
610,610,610,529,cell_2
611,611,611,536,cell_2
612,612,612,542,cell_2
613,613,613,530,cell_2
614,614,614,535,cell_2
615,615,615,532,cell_2
616,616,616,535,cell_2
617,617,617,548,cell_2
618,618,618,528,cell_2
619,619,619,533,cell_2
620,620,620,554,cell_2
621,621,621,524,cell_2
622,622,622,532,cell_2
623,623,623,531,cell_2
624,624,624,534,cell_2
625,625,625,536,cell_2
626,626,626,532,cell_2
627,627,627,540,cell_2
628,628,628,539,cell_2
629,629,629,527,cell_2
630,630,630,539,cell_2
631,631,631,540,cell_2
632,632,632,534,cell_2
633,633,633,541,cell_2
634,634,634,548,cell_2
635,635,635,555,cell_2
636,636,636,547,cell_2
637,637,637,529,cell_2
638,638,638,529,cell_2
639,639,639,525,cell_2
640,640,640,541,cell_2
641,641,641,553,cell_2
642,642,642,553,cell_2
643,643,643,552,cell_2
644,644,644,560,cell_2
645,645,645,527,cell_2
646,646,646,539,cell_2
647,647,647,537,cell_2
648,648,648,542,cell_2
649,649,649,527,cell_2
650,650,650,527,cell_2
651,651,651,530,cell_2
652,652,652,529,cell_2
653,653,653,531,cell_2
654,654,654,529,cell_2
655,655,655,529,cell_2
656,656,656,533,cell_2
657,657,657,539,cell_2
658,658,658,536,cell_2
659,659,659,529,cell_2
660,660,660,1341,cell_2
661,661,661,510,cell_2
662,662,662,511,cell_2
663,663,663,508,cell_2
664,664,664,504,cell_2
665,665,665,510,cell_2
666,666,666,1316,cell_2
667,667,667,504,cell_2
668,668,668,1339,cell_2
669,669,669,1321,cell_2
670,670,670,508,cell_2
671,671,671,498,cell_2
672,672,672,506,cell_2
673,673,673,510,cell_2
674,674,674,1320,cell_2
675,675,675,1317,cell_2
676,676,676,1374,cell_2
677,677,677,548,cell_2
678,678,678,550,cell_2
679,679,679,648,cell_2
680,680,680,668,cell_2
681,681,681,564,cell_2
682,682,682,748,cell_2
683,683,683,554,cell_2
684,684,684,560,cell_2
685,685,685,551,cell_2
686,686,686,1116,cell_2
687,687,687,556,cell_2
688,688,688,547,cell_2
689,689,689,544,cell_2
690,690,690,808,cell_2
691,691,691,559,cell_2
692,692,692,561,cell_2
693,693,693,557,cell_2
694,694,694,563,cell_2
695,695,695,549,cell_2
696,696,696,617,cell_2
697,697,697,559,cell_2
698,698,698,554,cell_2
699,699,699,535,cell_2
700,700,700,543,cell_2
701,701,701,542,cell_2
702,702,702,607,cell_2
703,703,703,577,cell_2
704,704,704,542,cell_2
705,705,705,545,cell_2
706,706,706,538,cell_2
707,707,707,542,cell_2
708,708,708,537,cell_2
709,709,709,533,cell_2
710,710,710,927,cell_2
711,711,711,545,cell_2
712,712,712,538,cell_2
713,713,713,539,cell_2
714,714,714,538,cell_2
715,715,715,762,cell_2
716,716,716,551,cell_2
717,717,717,567,cell_2
718,718,718,577,cell_2
719,719,719,598,cell_2
720,720,720,612,cell_2
721,721,721,570,cell_2
722,722,722,281,cell_2
723,723,723,562,cell_2
724,724,724,549,cell_2
725,725,725,585,cell_2
726,726,726,553,cell_2
727,727,727,544,cell_2
728,728,728,553,cell_2
729,729,729,604,cell_2
730,730,730,754,cell_2
731,731,731,545,cell_2
732,732,732,540,cell_2
733,733,733,668,cell_2
734,734,734,540,cell_2
735,735,735,670,cell_2
736,736,736,587,cell_2
737,737,737,545,cell_2
738,738,738,541,cell_2
739,739,739,548,cell_2
740,740,740,543,cell_2
741,741,741,540,cell_2
742,742,742,536,cell_2
743,743,743,534,cell_2
744,744,744,537,cell_2
745,745,745,546,cell_2
746,746,746,724,cell_2
747,747,747,545,cell_2
748,748,748,537,cell_2
749,749,749,550,cell_2
750,750,750,541,cell_2
751,751,751,536,cell_2
752,752,752,539,cell_2
753,753,753,532,cell_2
754,754,754,536,cell_2
755,755,755,538,cell_2
756,756,756,543,cell_2
757,757,757,543,cell_2
758,758,758,533,cell_2
759,759,759,538,cell_2
760,760,760,536,cell_2
761,761,761,698,cell_2
762,762,762,525,cell_2
763,763,763,530,cell_2
764,764,764,533,cell_2
765,765,765,528,cell_2
766,766,766,525,cell_2
767,767,767,528,cell_2
768,768,768,526,cell_2
769,769,769,533,cell_2
770,770,770,547,cell_2
771,771,771,535,cell_2
772,772,772,538,cell_2
773,773,773,537,cell_2
774,774,774,539,cell_2
775,775,775,530,cell_2
776,776,776,576,cell_2
777,777,777,528,cell_2
778,778,778,533,cell_2
779,779,779,522,cell_2
780,780,780,532,cell_2
781,781,781,529,cell_2
782,782,782,531,cell_2
783,783,783,529,cell_2
784,784,784,530,cell_2
785,785,785,526,cell_2
786,786,786,530,cell_2
787,787,787,521,cell_2
788,788,788,530,cell_2
789,789,789,535,cell_2
790,790,790,533,cell_2
791,791,791,534,cell_2
792,792,792,543,cell_2
793,793,793,546,cell_2
794,794,794,547,cell_2
795,795,795,549,cell_2
796,796,796,548,cell_2
797,797,797,534,cell_2
798,798,798,655,cell_2
799,799,799,542,cell_2
800,800,800,540,cell_2
801,801,801,542,cell_2
802,802,802,542,cell_2
803,803,803,640,cell_2
804,804,804,547,cell_2
805,805,805,557,cell_2
806,806,806,536,cell_2
807,807,807,535,cell_2
808,808,808,536,cell_2
809,809,809,533,cell_2
810,810,810,539,cell_2
811,811,811,539,cell_2
812,812,812,539,cell_2
813,813,813,542,cell_2
814,814,814,546,cell_2
815,815,815,538,cell_2
816,816,816,531,cell_2
817,817,817,536,cell_2
818,818,818,536,cell_2
819,819,819,533,cell_2
820,820,820,544,cell_2
821,821,821,543,cell_2
822,822,822,535,cell_2
823,823,823,531,cell_2
824,824,824,539,cell_2
825,825,825,543,cell_2
826,826,826,527,cell_2
827,827,827,532,cell_2
828,828,828,533,cell_2
829,829,829,531,cell_2
830,830,830,534,cell_2
831,831,831,540,cell_2
832,832,832,534,cell_2
833,833,833,533,cell_2
834,834,834,528,cell_2
835,835,835,531,cell_2
836,836,836,526,cell_2
837,837,837,529,cell_2
838,838,838,528,cell_2
839,839,839,531,cell_2
840,840,840,520,cell_2
841,841,841,520,cell_2
842,842,842,542,cell_2
843,843,843,540,cell_2
844,844,844,709,cell_2
845,845,845,535,cell_2
846,846,846,529,cell_2
847,847,847,539,cell_2
848,848,848,542,cell_2
849,849,849,538,cell_2
850,850,850,537,cell_2
851,851,851,545,cell_2
852,852,852,806,cell_2
853,853,853,536,cell_2
854,854,854,647,cell_2
855,855,855,549,cell_2
856,856,856,535,cell_2
857,857,857,539,cell_2
858,858,858,571,cell_2
859,859,859,535,cell_2
860,860,860,533,cell_2
861,861,861,532,cell_2
862,862,862,541,cell_2
863,863,863,539,cell_2
864,864,864,532,cell_2
865,865,865,530,cell_2
866,866,866,536,cell_2
867,867,867,536,cell_2
868,868,868,531,cell_2
869,869,869,540,cell_2
870,870,870,534,cell_2
871,871,871,537,cell_2
872,872,872,540,cell_2
873,873,873,534,cell_2
874,874,874,544,cell_2
875,875,875,542,cell_2
876,876,876,552,cell_2
877,877,877,546,cell_2
878,878,878,539,cell_2
879,879,879,536,cell_2
880,880,880,535,cell_2
881,881,881,625,cell_2
882,882,882,532,cell_2
883,883,883,539,cell_2
884,884,884,521,cell_2
885,885,885,522,cell_2
886,886,886,535,cell_2
887,887,887,544,cell_2
888,888,888,535,cell_2
889,889,889,545,cell_2
890,890,890,533,cell_2
891,891,891,591,cell_2
892,892,892,541,cell_2
893,893,893,525,cell_2
894,894,894,531,cell_2
895,895,895,522,cell_2
896,896,896,517,cell_2
897,897,897,358,cell_2
898,898,898,535,cell_2
899,899,899,532,cell_2
900,900,900,534,cell_2
901,901,901,484,cell_2
902,902,902,604,cell_2
903,903,903,500,cell_2
904,904,904,535,cell_2
905,905,905,564,cell_2
906,906,906,569,cell_2
907,907,907,543,cell_2
908,908,908,545,cell_2
909,909,909,538,cell_2
910,910,910,544,cell_2
911,911,911,534,cell_2
912,912,912,521,cell_2
913,913,913,533,cell_2
914,914,914,535,cell_2
915,915,915,538,cell_2
916,916,916,532,cell_2
917,917,917,531,cell_2
918,918,918,525,cell_2
919,919,919,540,cell_2
920,920,920,541,cell_2
921,921,921,535,cell_2
922,922,922,1329,cell_2
923,923,923,510,cell_2
924,924,924,551,cell_2
925,925,925,509,cell_2
926,926,926,533,cell_2
927,927,927,542,cell_2
928,928,928,555,cell_2
929,929,929,614,cell_2
930,930,930,1345,cell_2
931,931,931,518,cell_2
932,932,932,534,cell_2
933,933,933,529,cell_2
934,934,934,514,cell_2
935,935,935,513,cell_2
0,0,0,225,cell_1
1,1,1,236,cell_1
2,2,2,235,cell_1
3,3,3,230,cell_1
4,4,4,241,cell_1
5,5,5,219,cell_1
6,6,6,266,cell_1
7,7,7,239,cell_1
8,8,8,236,cell_1
9,9,9,240,cell_1
10,10,10,236,cell_1
11,11,11,228,cell_1
12,12,12,231,cell_1
13,13,13,226,cell_1
14,14,14,226,cell_1
15,15,15,229,cell_1
16,16,16,231,cell_1
17,17,17,232,cell_1
18,18,18,230,cell_1
19,19,19,223,cell_1
20,20,20,234,cell_1
21,21,21,227,cell_1
22,22,22,223,cell_1
23,23,23,215,cell_1
24,24,24,227,cell_1
25,25,25,225,cell_1
26,26,26,233,cell_1
27,27,27,217,cell_1
28,28,28,76,cell_1
29,29,29,222,cell_1
30,30,30,209,cell_1
31,31,31,210,cell_1
32,32,32,202,cell_1
33,33,33,313,cell_1
34,34,34,226,cell_1
35,35,35,227,cell_1
36,36,36,237,cell_1
37,37,37,72,cell_1
38,38,38,73,cell_1
39,39,39,222,cell_1
40,40,40,234,cell_1
41,41,41,233,cell_1
42,42,42,227,cell_1
43,43,43,228,cell_1
44,44,44,230,cell_1
45,45,45,231,cell_1
46,46,46,232,cell_1
47,47,47,227,cell_1
48,48,48,228,cell_1
49,49,49,226,cell_1
50,50,50,231,cell_1
51,51,51,227,cell_1
52,52,52,225,cell_1
53,53,53,73,cell_1
54,54,54,215,cell_1
55,55,55,221,cell_1
56,56,56,213,cell_1
57,57,57,225,cell_1
58,58,58,215,cell_1
59,59,59,223,cell_1
60,60,60,228,cell_1
61,61,61,219,cell_1
62,62,62,218,cell_1
63,63,63,215,cell_1
64,64,64,218,cell_1
65,65,65,224,cell_1
66,66,66,230,cell_1
67,67,67,227,cell_1
68,68,68,232,cell_1
69,69,69,226,cell_1
70,70,70,233,cell_1
71,71,71,229,cell_1
72,72,72,232,cell_1
73,73,73,231,cell_1
74,74,74,229,cell_1
75,75,75,229,cell_1
76,76,76,223,cell_1
77,77,77,230,cell_1
78,78,78,223,cell_1
79,79,79,229,cell_1
80,80,80,226,cell_1
81,81,81,220,cell_1
82,82,82,229,cell_1
83,83,83,225,cell_1
84,84,84,226,cell_1
85,85,85,226,cell_1
86,86,86,230,cell_1
87,87,87,228,cell_1
88,88,88,230,cell_1
89,89,89,225,cell_1
90,90,90,236,cell_1
91,91,91,230,cell_1
92,92,92,226,cell_1
93,93,93,233,cell_1
94,94,94,229,cell_1
95,95,95,162,cell_1
96,96,96,226,cell_1
97,97,97,239,cell_1
98,98,98,228,cell_1
99,99,99,237,cell_1
100,100,100,203,cell_1
101,101,101,231,cell_1
102,102,102,221,cell_1
103,103,103,231,cell_1
104,104,104,231,cell_1
105,105,105,228,cell_1
106,106,106,234,cell_1
107,107,107,243,cell_1
108,108,108,239,cell_1
109,109,109,116,cell_1
110,110,110,239,cell_1
111,111,111,240,cell_1
112,112,112,237,cell_1
113,113,113,231,cell_1
114,114,114,236,cell_1
115,115,115,225,cell_1
116,116,116,226,cell_1
117,117,117,232,cell_1
118,118,118,239,cell_1
119,119,119,241,cell_1
120,120,120,235,cell_1
121,121,121,243,cell_1
122,122,122,236,cell_1
123,123,123,239,cell_1
124,124,124,236,cell_1
125,125,125,244,cell_1
126,126,126,230,cell_1
127,127,127,227,cell_1
128,128,128,219,cell_1
129,129,129,357,cell_1
130,130,130,560,cell_1
131,131,131,219,cell_1
132,132,132,238,cell_1
133,133,133,242,cell_1
134,134,134,235,cell_1
135,135,135,239,cell_1
136,136,136,238,cell_1
137,137,137,243,cell_1
138,138,138,250,cell_1
139,139,139,244,cell_1
140,140,140,239,cell_1
141,141,141,231,cell_1
142,142,142,232,cell_1
143,143,143,231,cell_1
144,144,144,236,cell_1
145,145,145,230,cell_1
146,146,146,219,cell_1
147,147,147,217,cell_1
148,148,148,222,cell_1
149,149,149,220,cell_1
150,150,150,216,cell_1
151,151,151,237,cell_1
152,152,152,238,cell_1
153,153,153,230,cell_1
154,154,154,226,cell_1
155,155,155,227,cell_1
156,156,156,224,cell_1
157,157,157,229,cell_1
158,158,158,224,cell_1
159,159,159,228,cell_1
160,160,160,232,cell_1
161,161,161,229,cell_1
162,162,162,229,cell_1
163,163,163,226,cell_1
164,164,164,229,cell_1
165,165,165,226,cell_1
166,166,166,227,cell_1
167,167,167,236,cell_1
168,168,168,217,cell_1
169,169,169,226,cell_1
170,170,170,230,cell_1
171,171,171,234,cell_1
172,172,172,232,cell_1
173,173,173,225,cell_1
174,174,174,228,cell_1
175,175,175,229,cell_1
176,176,176,227,cell_1
177,177,177,220,cell_1
178,178,178,223,cell_1
179,179,179,230,cell_1
180,180,180,228,cell_1
181,181,181,227,cell_1
182,182,182,223,cell_1
183,183,183,225,cell_1
184,184,184,228,cell_1
185,185,185,229,cell_1
186,186,186,234,cell_1
187,187,187,227,cell_1
188,188,188,221,cell_1
189,189,189,221,cell_1
190,190,190,221,cell_1
191,191,191,224,cell_1
192,192,192,232,cell_1
193,193,193,222,cell_1
194,194,194,223,cell_1
195,195,195,227,cell_1
196,196,196,222,cell_1
197,197,197,224,cell_1
198,198,198,224,cell_1
199,199,199,217,cell_1
200,200,200,228,cell_1
201,201,201,226,cell_1
202,202,202,223,cell_1
203,203,203,222,cell_1
204,204,204,221,cell_1
205,205,205,222,cell_1
206,206,206,221,cell_1
207,207,207,214,cell_1
208,208,208,215,cell_1
209,209,209,222,cell_1
210,210,210,229,cell_1
211,211,211,212,cell_1
212,212,212,219,cell_1
213,213,213,222,cell_1
214,214,214,217,cell_1
215,215,215,221,cell_1
216,216,216,220,cell_1
217,217,217,215,cell_1
218,218,218,222,cell_1
219,219,219,215,cell_1
220,220,220,225,cell_1
221,221,221,217,cell_1
222,222,222,220,cell_1
223,223,223,220,cell_1
224,224,224,218,cell_1
225,225,225,212,cell_1
226,226,226,371,cell_1
227,227,227,215,cell_1
228,228,228,217,cell_1
229,229,229,218,cell_1
230,230,230,213,cell_1
231,231,231,217,cell_1
232,232,232,212,cell_1
233,233,233,403,cell_1
234,234,234,131,cell_1
235,235,235,372,cell_1
236,236,236,374,cell_1
237,237,237,381,cell_1
238,238,238,575,cell_1
239,239,239,218,cell_1
240,240,240,368,cell_1
241,241,241,214,cell_1
242,242,242,214,cell_1
243,243,243,213,cell_1
244,244,244,233,cell_1
245,245,245,230,cell_1
246,246,246,227,cell_1
247,247,247,222,cell_1
248,248,248,220,cell_1
249,249,249,224,cell_1
250,250,250,234,cell_1
251,251,251,234,cell_1
252,252,252,230,cell_1
253,253,253,234,cell_1
254,254,254,236,cell_1
255,255,255,240,cell_1
256,256,256,236,cell_1
257,257,257,235,cell_1
258,258,258,237,cell_1
259,259,259,235,cell_1
260,260,260,234,cell_1
261,261,261,242,cell_1
262,262,262,236,cell_1
263,263,263,232,cell_1
264,264,264,235,cell_1
265,265,265,235,cell_1
266,266,266,235,cell_1
267,267,267,232,cell_1
268,268,268,229,cell_1
269,269,269,231,cell_1
270,270,270,225,cell_1
271,271,271,228,cell_1
272,272,272,216,cell_1
273,273,273,216,cell_1
274,274,274,226,cell_1
275,275,275,222,cell_1
276,276,276,225,cell_1
277,277,277,224,cell_1
278,278,278,227,cell_1
279,279,279,218,cell_1
280,280,280,216,cell_1
281,281,281,219,cell_1
282,282,282,222,cell_1
283,283,283,219,cell_1
284,284,284,215,cell_1
285,285,285,375,cell_1
286,286,286,574,cell_1
287,287,287,381,cell_1
288,288,288,571,cell_1
289,289,289,219,cell_1
290,290,290,264,cell_1
291,291,291,381,cell_1
292,292,292,592,cell_1
293,293,293,603,cell_1
294,294,294,597,cell_1
295,295,295,592,cell_1
296,296,296,178,cell_1
297,297,297,394,cell_1
298,298,298,590,cell_1
299,299,299,381,cell_1
300,300,300,180,cell_1
301,301,301,369,cell_1
302,302,302,218,cell_1
303,303,303,220,cell_1
304,304,304,215,cell_1
305,305,305,231,cell_1
306,306,306,225,cell_1
307,307,307,584,cell_1
308,308,308,468,cell_1
309,309,309,705,cell_1
310,310,310,428,cell_1
311,311,311,419,cell_1
312,312,312,625,cell_1
313,313,313,243,cell_1
314,314,314,234,cell_1
315,315,315,229,cell_1
316,316,316,229,cell_1
317,317,317,232,cell_1
318,318,318,229,cell_1
319,319,319,236,cell_1
320,320,320,248,cell_1
321,321,321,674,cell_1
322,322,322,257,cell_1
323,323,323,249,cell_1
324,324,324,240,cell_1
325,325,325,238,cell_1
326,326,326,252,cell_1
327,327,327,257,cell_1
328,328,328,610,cell_1
329,329,329,216,cell_1
330,330,330,223,cell_1
331,331,331,218,cell_1
332,332,332,220,cell_1
333,333,333,217,cell_1
334,334,334,219,cell_1
335,335,335,222,cell_1
336,336,336,217,cell_1
337,337,337,221,cell_1
338,338,338,220,cell_1
339,339,339,221,cell_1
340,340,340,220,cell_1
341,341,341,221,cell_1
342,342,342,218,cell_1
343,343,343,221,cell_1
344,344,344,217,cell_1
345,345,345,217,cell_1
346,346,346,220,cell_1
347,347,347,224,cell_1
348,348,348,231,cell_1
349,349,349,230,cell_1
350,350,350,213,cell_1
351,351,351,568,cell_1
352,352,352,222,cell_1
353,353,353,223,cell_1
354,354,354,220,cell_1
355,355,355,626,cell_1
356,356,356,256,cell_1
357,357,357,234,cell_1
358,358,358,231,cell_1
359,359,359,230,cell_1
360,360,360,222,cell_1
361,361,361,213,cell_1
362,362,362,213,cell_1
363,363,363,220,cell_1
364,364,364,235,cell_1
365,365,365,234,cell_1
366,366,366,240,cell_1
367,367,367,239,cell_1
368,368,368,240,cell_1
369,369,369,229,cell_1
370,370,370,225,cell_1
371,371,371,229,cell_1
372,372,372,227,cell_1
373,373,373,228,cell_1
374,374,374,222,cell_1
375,375,375,222,cell_1
376,376,376,230,cell_1
377,377,377,222,cell_1
378,378,378,227,cell_1
379,379,379,227,cell_1
380,380,380,223,cell_1
381,381,381,231,cell_1
382,382,382,224,cell_1
383,383,383,227,cell_1
384,384,384,223,cell_1
385,385,385,226,cell_1
386,386,386,223,cell_1
387,387,387,224,cell_1
388,388,388,231,cell_1
389,389,389,224,cell_1
390,390,390,226,cell_1
391,391,391,217,cell_1
392,392,392,219,cell_1
393,393,393,227,cell_1
394,394,394,217,cell_1
395,395,395,223,cell_1
396,396,396,228,cell_1
397,397,397,225,cell_1
398,398,398,219,cell_1
399,399,399,229,cell_1
400,400,400,225,cell_1
401,401,401,231,cell_1
402,402,402,226,cell_1
403,403,403,228,cell_1
404,404,404,232,cell_1
405,405,405,233,cell_1
406,406,406,232,cell_1
407,407,407,232,cell_1
408,408,408,234,cell_1
409,409,409,235,cell_1
410,410,410,230,cell_1
411,411,411,230,cell_1
412,412,412,233,cell_1
413,413,413,231,cell_1
414,414,414,227,cell_1
415,415,415,232,cell_1
416,416,416,231,cell_1
417,417,417,234,cell_1
418,418,418,224,cell_1
419,419,419,233,cell_1
420,420,420,230,cell_1
421,421,421,228,cell_1
422,422,422,236,cell_1
423,423,423,227,cell_1
424,424,424,224,cell_1
425,425,425,235,cell_1
426,426,426,229,cell_1
427,427,427,225,cell_1
428,428,428,233,cell_1
429,429,429,240,cell_1
430,430,430,107,cell_1
431,431,431,206,cell_1
432,432,432,328,cell_1
433,433,433,177,cell_1
434,434,434,112,cell_1
435,435,435,227,cell_1
436,436,436,227,cell_1
437,437,437,226,cell_1
438,438,438,220,cell_1
439,439,439,225,cell_1
440,440,440,224,cell_1
441,441,441,232,cell_1
442,442,442,228,cell_1
443,443,443,229,cell_1
444,444,444,229,cell_1
445,445,445,230,cell_1
446,446,446,232,cell_1
447,447,447,230,cell_1
448,448,448,225,cell_1
449,449,449,232,cell_1
450,450,450,224,cell_1
451,451,451,230,cell_1
452,452,452,229,cell_1
453,453,453,232,cell_1
454,454,454,232,cell_1
455,455,455,225,cell_1
456,456,456,229,cell_1
457,457,457,225,cell_1
458,458,458,222,cell_1
459,459,459,232,cell_1
460,460,460,227,cell_1
461,461,461,227,cell_1
462,462,462,223,cell_1
463,463,463,224,cell_1
464,464,464,226,cell_1
465,465,465,227,cell_1
466,466,466,226,cell_1
467,467,467,231,cell_1
468,468,468,223,cell_1
469,469,469,225,cell_1
470,470,470,224,cell_1
471,471,471,225,cell_1
472,472,472,228,cell_1
473,473,473,232,cell_1
474,474,474,230,cell_1
475,475,475,228,cell_1
476,476,476,222,cell_1
477,477,477,231,cell_1
478,478,478,226,cell_1
479,479,479,226,cell_1
480,480,480,221,cell_1
481,481,481,228,cell_1
482,482,482,226,cell_1
483,483,483,221,cell_1
484,484,484,228,cell_1
485,485,485,223,cell_1
486,486,486,222,cell_1
487,487,487,229,cell_1
488,488,488,224,cell_1
489,489,489,221,cell_1
490,490,490,230,cell_1
491,491,491,233,cell_1
492,492,492,222,cell_1
493,493,493,227,cell_1
494,494,494,227,cell_1
495,495,495,228,cell_1
496,496,496,223,cell_1
497,497,497,224,cell_1
498,498,498,226,cell_1
499,499,499,226,cell_1
500,500,500,227,cell_1
501,501,501,226,cell_1
502,502,502,228,cell_1
503,503,503,221,cell_1
504,504,504,226,cell_1
505,505,505,233,cell_1
506,506,506,227,cell_1
507,507,507,226,cell_1
508,508,508,222,cell_1
509,509,509,227,cell_1
510,510,510,226,cell_1
511,511,511,221,cell_1
512,512,512,231,cell_1
513,513,513,228,cell_1
514,514,514,233,cell_1
515,515,515,221,cell_1
516,516,516,232,cell_1
517,517,517,219,cell_1
518,518,518,223,cell_1
519,519,519,227,cell_1
520,520,520,225,cell_1
521,521,521,224,cell_1
522,522,522,226,cell_1
523,523,523,226,cell_1
524,524,524,229,cell_1
525,525,525,223,cell_1
526,526,526,230,cell_1
527,527,527,228,cell_1
528,528,528,230,cell_1
529,529,529,222,cell_1
530,530,530,225,cell_1
531,531,531,226,cell_1
532,532,532,221,cell_1
533,533,533,221,cell_1
534,534,534,225,cell_1
535,535,535,230,cell_1
536,536,536,227,cell_1
537,537,537,225,cell_1
538,538,538,225,cell_1
539,539,539,225,cell_1
540,540,540,228,cell_1
541,541,541,221,cell_1
542,542,542,224,cell_1
543,543,543,231,cell_1
544,544,544,228,cell_1
545,545,545,226,cell_1
546,546,546,220,cell_1
547,547,547,222,cell_1
548,548,548,221,cell_1
549,549,549,225,cell_1
550,550,550,227,cell_1
551,551,551,233,cell_1
552,552,552,225,cell_1
553,553,553,226,cell_1
554,554,554,377,cell_1
555,555,555,638,cell_1
556,556,556,228,cell_1
557,557,557,254,cell_1
558,558,558,823,cell_1
559,559,559,241,cell_1
560,560,560,232,cell_1
561,561,561,218,cell_1
562,562,562,220,cell_1
563,563,563,222,cell_1
564,564,564,220,cell_1
565,565,565,221,cell_1
566,566,566,223,cell_1
567,567,567,218,cell_1
568,568,568,222,cell_1
569,569,569,226,cell_1
570,570,570,234,cell_1
571,571,571,234,cell_1
572,572,572,233,cell_1
573,573,573,237,cell_1
574,574,574,237,cell_1
575,575,575,240,cell_1
576,576,576,239,cell_1
577,577,577,238,cell_1
578,578,578,250,cell_1
579,579,579,243,cell_1
580,580,580,238,cell_1
581,581,581,241,cell_1
582,582,582,237,cell_1
583,583,583,234,cell_1
584,584,584,238,cell_1
585,585,585,239,cell_1
586,586,586,234,cell_1
587,587,587,236,cell_1
588,588,588,238,cell_1
589,589,589,237,cell_1
590,590,590,235,cell_1
591,591,591,221,cell_1
592,592,592,219,cell_1
593,593,593,225,cell_1
594,594,594,222,cell_1
595,595,595,219,cell_1
596,596,596,213,cell_1
597,597,597,215,cell_1
598,598,598,216,cell_1
599,599,599,219,cell_1
600,600,600,228,cell_1
601,601,601,220,cell_1
602,602,602,216,cell_1
603,603,603,220,cell_1
604,604,604,214,cell_1
605,605,605,214,cell_1
606,606,606,216,cell_1
607,607,607,213,cell_1
608,608,608,218,cell_1
609,609,609,216,cell_1
610,610,610,219,cell_1
611,611,611,220,cell_1
612,612,612,217,cell_1
613,613,613,217,cell_1
614,614,614,220,cell_1
615,615,615,218,cell_1
616,616,616,215,cell_1
617,617,617,216,cell_1
618,618,618,217,cell_1
619,619,619,223,cell_1
620,620,620,223,cell_1
621,621,621,219,cell_1
622,622,622,214,cell_1
623,623,623,218,cell_1
624,624,624,219,cell_1
625,625,625,214,cell_1
626,626,626,217,cell_1
627,627,627,217,cell_1
628,628,628,216,cell_1
629,629,629,214,cell_1
630,630,630,214,cell_1
631,631,631,212,cell_1
632,632,632,220,cell_1
633,633,633,222,cell_1
634,634,634,221,cell_1
635,635,635,216,cell_1
636,636,636,217,cell_1
637,637,637,216,cell_1
638,638,638,217,cell_1
639,639,639,214,cell_1
640,640,640,216,cell_1
641,641,641,216,cell_1
642,642,642,213,cell_1
643,643,643,220,cell_1
644,644,644,216,cell_1
645,645,645,218,cell_1
646,646,646,219,cell_1
647,647,647,223,cell_1
648,648,648,221,cell_1
649,649,649,223,cell_1
650,650,650,213,cell_1
651,651,651,217,cell_1
652,652,652,216,cell_1
653,653,653,221,cell_1
654,654,654,217,cell_1
655,655,655,214,cell_1
656,656,656,218,cell_1
657,657,657,219,cell_1
658,658,658,212,cell_1
659,659,659,213,cell_1
660,660,660,751,cell_1
661,661,661,391,cell_1
662,662,662,633,cell_1
663,663,663,257,cell_1
664,664,664,608,cell_1
665,665,665,642,cell_1
666,666,666,663,cell_1
667,667,667,657,cell_1
668,668,668,656,cell_1
669,669,669,678,cell_1
670,670,670,638,cell_1
671,671,671,674,cell_1
672,672,672,640,cell_1
673,673,673,270,cell_1
674,674,674,662,cell_1
675,675,675,690,cell_1
676,676,676,250,cell_1
677,677,677,242,cell_1
678,678,678,238,cell_1
679,679,679,239,cell_1
680,680,680,239,cell_1
681,681,681,243,cell_1
682,682,682,241,cell_1
683,683,683,241,cell_1
684,684,684,239,cell_1
685,685,685,242,cell_1
686,686,686,239,cell_1
687,687,687,240,cell_1
688,688,688,238,cell_1
689,689,689,240,cell_1
690,690,690,238,cell_1
691,691,691,240,cell_1
692,692,692,238,cell_1
693,693,693,245,cell_1
694,694,694,240,cell_1
695,695,695,239,cell_1
696,696,696,233,cell_1
697,697,697,246,cell_1
698,698,698,240,cell_1
699,699,699,244,cell_1
700,700,700,236,cell_1
701,701,701,233,cell_1
702,702,702,242,cell_1
703,703,703,237,cell_1
704,704,704,241,cell_1
705,705,705,240,cell_1
706,706,706,235,cell_1
707,707,707,239,cell_1
708,708,708,241,cell_1
709,709,709,243,cell_1
710,710,710,233,cell_1
711,711,711,241,cell_1
712,712,712,239,cell_1
713,713,713,240,cell_1
714,714,714,239,cell_1
715,715,715,238,cell_1
716,716,716,239,cell_1
717,717,717,243,cell_1
718,718,718,244,cell_1
719,719,719,243,cell_1
720,720,720,243,cell_1
721,721,721,237,cell_1
722,722,722,239,cell_1
723,723,723,242,cell_1
724,724,724,239,cell_1
725,725,725,238,cell_1
726,726,726,239,cell_1
727,727,727,239,cell_1
728,728,728,245,cell_1
729,729,729,243,cell_1
730,730,730,238,cell_1
731,731,731,241,cell_1
732,732,732,242,cell_1
733,733,733,240,cell_1
734,734,734,243,cell_1
735,735,735,241,cell_1
736,736,736,240,cell_1
737,737,737,237,cell_1
738,738,738,243,cell_1
739,739,739,241,cell_1
740,740,740,241,cell_1
741,741,741,237,cell_1
742,742,742,236,cell_1
743,743,743,233,cell_1
744,744,744,234,cell_1
745,745,745,236,cell_1
746,746,746,241,cell_1
747,747,747,239,cell_1
748,748,748,231,cell_1
749,749,749,238,cell_1
750,750,750,239,cell_1
751,751,751,237,cell_1
752,752,752,238,cell_1
753,753,753,240,cell_1
754,754,754,232,cell_1
755,755,755,237,cell_1
756,756,756,230,cell_1
757,757,757,234,cell_1
758,758,758,235,cell_1
759,759,759,240,cell_1
760,760,760,239,cell_1
761,761,761,230,cell_1
762,762,762,236,cell_1
763,763,763,231,cell_1
764,764,764,228,cell_1
765,765,765,226,cell_1
766,766,766,231,cell_1
767,767,767,235,cell_1
768,768,768,237,cell_1
769,769,769,241,cell_1
770,770,770,236,cell_1
771,771,771,239,cell_1
772,772,772,243,cell_1
773,773,773,237,cell_1
774,774,774,241,cell_1
775,775,775,238,cell_1
776,776,776,233,cell_1
777,777,777,228,cell_1
778,778,778,232,cell_1
779,779,779,232,cell_1
780,780,780,234,cell_1
781,781,781,228,cell_1
782,782,782,232,cell_1
783,783,783,232,cell_1
784,784,784,228,cell_1
785,785,785,234,cell_1
786,786,786,227,cell_1
787,787,787,225,cell_1
788,788,788,237,cell_1
789,789,789,235,cell_1
790,790,790,226,cell_1
791,791,791,235,cell_1
792,792,792,237,cell_1
793,793,793,235,cell_1
794,794,794,238,cell_1
795,795,795,241,cell_1
796,796,796,241,cell_1
797,797,797,239,cell_1
798,798,798,234,cell_1
799,799,799,237,cell_1
800,800,800,236,cell_1
801,801,801,235,cell_1
802,802,802,237,cell_1
803,803,803,235,cell_1
804,804,804,235,cell_1
805,805,805,238,cell_1
806,806,806,236,cell_1
807,807,807,233,cell_1
808,808,808,232,cell_1
809,809,809,236,cell_1
810,810,810,231,cell_1
811,811,811,235,cell_1
812,812,812,229,cell_1
813,813,813,238,cell_1
814,814,814,233,cell_1
815,815,815,233,cell_1
816,816,816,225,cell_1
817,817,817,233,cell_1
818,818,818,233,cell_1
819,819,819,239,cell_1
820,820,820,230,cell_1
821,821,821,232,cell_1
822,822,822,229,cell_1
823,823,823,231,cell_1
824,824,824,234,cell_1
825,825,825,241,cell_1
826,826,826,228,cell_1
827,827,827,240,cell_1
828,828,828,235,cell_1
829,829,829,229,cell_1
830,830,830,230,cell_1
831,831,831,227,cell_1
832,832,832,228,cell_1
833,833,833,229,cell_1
834,834,834,236,cell_1
835,835,835,229,cell_1
836,836,836,225,cell_1
837,837,837,223,cell_1
838,838,838,222,cell_1
839,839,839,223,cell_1
840,840,840,224,cell_1
841,841,841,230,cell_1
842,842,842,236,cell_1
843,843,843,233,cell_1
844,844,844,238,cell_1
845,845,845,234,cell_1
846,846,846,240,cell_1
847,847,847,231,cell_1
848,848,848,232,cell_1
849,849,849,236,cell_1
850,850,850,238,cell_1
851,851,851,237,cell_1
852,852,852,237,cell_1
853,853,853,235,cell_1
854,854,854,231,cell_1
855,855,855,234,cell_1
856,856,856,231,cell_1
857,857,857,233,cell_1
858,858,858,235,cell_1
859,859,859,233,cell_1
860,860,860,233,cell_1
861,861,861,231,cell_1
862,862,862,234,cell_1
863,863,863,238,cell_1
864,864,864,228,cell_1
865,865,865,234,cell_1
866,866,866,235,cell_1
867,867,867,233,cell_1
868,868,868,228,cell_1
869,869,869,233,cell_1
870,870,870,236,cell_1
871,871,871,230,cell_1
872,872,872,231,cell_1
873,873,873,231,cell_1
874,874,874,233,cell_1
875,875,875,233,cell_1
876,876,876,233,cell_1
877,877,877,230,cell_1
878,878,878,227,cell_1
879,879,879,231,cell_1
880,880,880,230,cell_1
881,881,881,228,cell_1
882,882,882,229,cell_1
883,883,883,229,cell_1
884,884,884,231,cell_1
885,885,885,232,cell_1
886,886,886,236,cell_1
887,887,887,228,cell_1
888,888,888,234,cell_1
889,889,889,229,cell_1
890,890,890,236,cell_1
891,891,891,235,cell_1
892,892,892,231,cell_1
893,893,893,234,cell_1
894,894,894,225,cell_1
895,895,895,227,cell_1
896,896,896,227,cell_1
897,897,897,235,cell_1
898,898,898,232,cell_1
899,899,899,228,cell_1
900,900,900,233,cell_1
901,901,901,235,cell_1
902,902,902,230,cell_1
903,903,903,231,cell_1
904,904,904,227,cell_1
905,905,905,230,cell_1
906,906,906,220,cell_1
907,907,907,231,cell_1
908,908,908,223,cell_1
909,909,909,227,cell_1
910,910,910,229,cell_1
911,911,911,228,cell_1
912,912,912,224,cell_1
913,913,913,230,cell_1
914,914,914,228,cell_1
915,915,915,227,cell_1
916,916,916,233,cell_1
917,917,917,226,cell_1
918,918,918,232,cell_1
919,919,919,232,cell_1
920,920,920,234,cell_1
921,921,921,217,cell_1
922,922,922,681,cell_1
923,923,923,608,cell_1
924,924,924,255,cell_1
925,925,925,652,cell_1
926,926,926,230,cell_1
927,927,927,233,cell_1
928,928,928,243,cell_1
929,929,929,261,cell_1
930,930,930,662,cell_1
931,931,931,219,cell_1
932,932,932,220,cell_1
933,933,933,226,cell_1
934,934,934,222,cell_1
935,935,935,219,cell_1
0,0,0,2784,cell_3
1,1,1,124,cell_3
2,2,2,127,cell_3
3,3,3,2784,cell_3
4,4,4,71,cell_3
5,5,5,556,cell_3
6,6,6,407,cell_3
7,7,7,2784,cell_3
8,8,8,207,cell_3
9,9,9,74,cell_3
10,10,10,2784,cell_3
11,11,11,207,cell_3
12,12,12,281,cell_3
13,13,13,462,cell_3
14,14,14,2784,cell_3
15,15,15,475,cell_3
16,16,16,2784,cell_3
17,17,17,2784,cell_3
18,18,18,310,cell_3
19,19,19,2784,cell_3
20,20,20,2784,cell_3
21,21,21,213,cell_3
22,22,22,503,cell_3
23,23,23,307,cell_3
24,24,24,296,cell_3
25,25,25,253,cell_3
26,26,26,473,cell_3
27,27,27,2784,cell_3
28,28,28,221,cell_3
29,29,29,237,cell_3
30,30,30,502,cell_3
31,31,31,558,cell_3
32,32,32,535,cell_3
33,33,33,698,cell_3
34,34,34,166,cell_3
35,35,35,205,cell_3
36,36,36,2784,cell_3
37,37,37,299,cell_3
38,38,38,507,cell_3
39,39,39,517,cell_3
40,40,40,2784,cell_3
41,41,41,2784,cell_3
42,42,42,207,cell_3
43,43,43,453,cell_3
44,44,44,207,cell_3
45,45,45,2784,cell_3
46,46,46,207,cell_3
47,47,47,2784,cell_3
48,48,48,489,cell_3
49,49,49,268,cell_3
50,50,50,2771,cell_3
51,51,51,503,cell_3
52,52,52,496,cell_3
53,53,53,314,cell_3
54,54,54,484,cell_3
55,55,55,489,cell_3
56,56,56,307,cell_3
57,57,57,180,cell_3
58,58,58,328,cell_3
59,59,59,240,cell_3
60,60,60,164,cell_3
61,61,61,2784,cell_3
62,62,62,2784,cell_3
63,63,63,2784,cell_3
64,64,64,472,cell_3
65,65,65,2784,cell_3
66,66,66,300,cell_3
67,67,67,207,cell_3
68,68,68,474,cell_3
69,69,69,2778,cell_3
70,70,70,2784,cell_3
71,71,71,2784,cell_3
72,72,72,207,cell_3
73,73,73,207,cell_3
74,74,74,2784,cell_3
75,75,75,252,cell_3
76,76,76,473,cell_3
77,77,77,468,cell_3
78,78,78,2784,cell_3
79,79,79,459,cell_3
80,80,80,303,cell_3
81,81,81,209,cell_3
82,82,82,476,cell_3
83,83,83,176,cell_3
84,84,84,112,cell_3
85,85,85,297,cell_3
86,86,86,2784,cell_3
87,87,87,207,cell_3
88,88,88,2784,cell_3
89,89,89,485,cell_3
90,90,90,488,cell_3
91,91,91,175,cell_3
92,92,92,479,cell_3
93,93,93,474,cell_3
94,94,94,143,cell_3
95,95,95,312,cell_3
96,96,96,472,cell_3
97,97,97,295,cell_3
98,98,98,201,cell_3
99,99,99,155,cell_3
100,100,100,2784,cell_3
101,101,101,510,cell_3
102,102,102,2784,cell_3
103,103,103,263,cell_3
104,104,104,285,cell_3
105,105,105,494,cell_3
106,106,106,491,cell_3
107,107,107,178,cell_3
108,108,108,73,cell_3
109,109,109,153,cell_3
110,110,110,164,cell_3
111,111,111,169,cell_3
112,112,112,2784,cell_3
113,113,113,2784,cell_3
114,114,114,301,cell_3
115,115,115,2784,cell_3
116,116,116,155,cell_3
117,117,117,470,cell_3
118,118,118,148,cell_3
119,119,119,73,cell_3
120,120,120,164,cell_3
121,121,121,166,cell_3
122,122,122,167,cell_3
123,123,123,155,cell_3
124,124,124,73,cell_3
125,125,125,169,cell_3
126,126,126,504,cell_3
127,127,127,531,cell_3
128,128,128,550,cell_3
129,129,129,711,cell_3
130,130,130,680,cell_3
131,131,131,228,cell_3
132,132,132,164,cell_3
133,133,133,162,cell_3
134,134,134,162,cell_3
135,135,135,92,cell_3
136,136,136,118,cell_3
137,137,137,179,cell_3
138,138,138,165,cell_3
139,139,139,165,cell_3
140,140,140,175,cell_3
141,141,141,167,cell_3
142,142,142,2784,cell_3
143,143,143,2784,cell_3
144,144,144,165,cell_3
145,145,145,2784,cell_3
146,146,146,534,cell_3
147,147,147,547,cell_3
148,148,148,536,cell_3
149,149,149,2777,cell_3
150,150,150,497,cell_3
151,151,151,2784,cell_3
152,152,152,162,cell_3
153,153,153,161,cell_3
154,154,154,187,cell_3
155,155,155,202,cell_3
156,156,156,196,cell_3
157,157,157,143,cell_3
158,158,158,234,cell_3
159,159,159,2784,cell_3
160,160,160,490,cell_3
161,161,161,2784,cell_3
162,162,162,2784,cell_3
163,163,163,2784,cell_3
164,164,164,2784,cell_3
165,165,165,2784,cell_3
166,166,166,296,cell_3
167,167,167,160,cell_3
168,168,168,311,cell_3
169,169,169,302,cell_3
170,170,170,165,cell_3
171,171,171,163,cell_3
172,172,172,263,cell_3
173,173,173,207,cell_3
174,174,174,2784,cell_3
175,175,175,2784,cell_3
176,176,176,162,cell_3
177,177,177,2784,cell_3
178,178,178,169,cell_3
179,179,179,2784,cell_3
180,180,180,169,cell_3
181,181,181,2784,cell_3
182,182,182,356,cell_3
183,183,183,319,cell_3
184,184,184,2784,cell_3
185,185,185,165,cell_3
186,186,186,2784,cell_3
187,187,187,2784,cell_3
188,188,188,160,cell_3
189,189,189,2784,cell_3
190,190,190,176,cell_3
191,191,191,2784,cell_3
192,192,192,2784,cell_3
193,193,193,274,cell_3
194,194,194,2784,cell_3
195,195,195,513,cell_3
196,196,196,2784,cell_3
197,197,197,2784,cell_3
198,198,198,2784,cell_3
199,199,199,2784,cell_3
200,200,200,2784,cell_3
201,201,201,463,cell_3
202,202,202,365,cell_3
203,203,203,2784,cell_3
204,204,204,327,cell_3
205,205,205,338,cell_3
206,206,206,519,cell_3
207,207,207,520,cell_3
208,208,208,521,cell_3
209,209,209,244,cell_3
210,210,210,547,cell_3
211,211,211,533,cell_3
212,212,212,121,cell_3
213,213,213,563,cell_3
214,214,214,539,cell_3
215,215,215,582,cell_3
216,216,216,594,cell_3
217,217,217,549,cell_3
218,218,218,259,cell_3
219,219,219,537,cell_3
220,220,220,538,cell_3
221,221,221,562,cell_3
222,222,222,539,cell_3
223,223,223,539,cell_3
224,224,224,533,cell_3
225,225,225,565,cell_3
226,226,226,557,cell_3
227,227,227,544,cell_3
228,228,228,557,cell_3
229,229,229,546,cell_3
230,230,230,565,cell_3
231,231,231,566,cell_3
232,232,232,559,cell_3
233,233,233,560,cell_3
234,234,234,571,cell_3
235,235,235,566,cell_3
236,236,236,577,cell_3
237,237,237,578,cell_3
238,238,238,223,cell_3
239,239,239,355,cell_3
240,240,240,569,cell_3
241,241,241,283,cell_3
242,242,242,320,cell_3
243,243,243,294,cell_3
244,244,244,167,cell_3
245,245,245,72,cell_3
246,246,246,501,cell_3
247,247,247,207,cell_3
248,248,248,546,cell_3
249,249,249,282,cell_3
250,250,250,163,cell_3
251,251,251,154,cell_3
252,252,252,106,cell_3
253,253,253,66,cell_3
254,254,254,94,cell_3
255,255,255,174,cell_3
256,256,256,173,cell_3
257,257,257,170,cell_3
258,258,258,169,cell_3
259,259,259,165,cell_3
260,260,260,172,cell_3
261,261,261,171,cell_3
262,262,262,166,cell_3
263,263,263,176,cell_3
264,264,264,166,cell_3
265,265,265,167,cell_3
266,266,266,164,cell_3
267,267,267,169,cell_3
268,268,268,164,cell_3
269,269,269,174,cell_3
270,270,270,2784,cell_3
271,271,271,161,cell_3
272,272,272,548,cell_3
273,273,273,225,cell_3
274,274,274,2784,cell_3
275,275,275,2784,cell_3
276,276,276,2784,cell_3
277,277,277,2784,cell_3
278,278,278,486,cell_3
279,279,279,2784,cell_3
280,280,280,232,cell_3
281,281,281,2784,cell_3
282,282,282,2784,cell_3
283,283,283,223,cell_3
284,284,284,546,cell_3
285,285,285,566,cell_3
286,286,286,620,cell_3
287,287,287,576,cell_3
288,288,288,563,cell_3
289,289,289,561,cell_3
290,290,290,221,cell_3
291,291,291,215,cell_3
292,292,292,223,cell_3
293,293,293,622,cell_3
294,294,294,589,cell_3
295,295,295,582,cell_3
296,296,296,223,cell_3
297,297,297,595,cell_3
298,298,298,564,cell_3
299,299,299,221,cell_3
300,300,300,545,cell_3
301,301,301,539,cell_3
302,302,302,527,cell_3
303,303,303,550,cell_3
304,304,304,539,cell_3
305,305,305,166,cell_3
306,306,306,326,cell_3
307,307,307,216,cell_3
308,308,308,225,cell_3
309,309,309,201,cell_3
310,310,310,205,cell_3
311,311,311,313,cell_3
312,312,312,217,cell_3
313,313,313,181,cell_3
314,314,314,167,cell_3
315,315,315,2784,cell_3
316,316,316,170,cell_3
317,317,317,174,cell_3
318,318,318,171,cell_3
319,319,319,181,cell_3
320,320,320,196,cell_3
321,321,321,252,cell_3
322,322,322,191,cell_3
323,323,323,188,cell_3
324,324,324,181,cell_3
325,325,325,180,cell_3
326,326,326,198,cell_3
327,327,327,206,cell_3
328,328,328,212,cell_3
329,329,329,536,cell_3
330,330,330,224,cell_3
331,331,331,520,cell_3
332,332,332,529,cell_3
333,333,333,552,cell_3
334,334,334,317,cell_3
335,335,335,529,cell_3
336,336,336,519,cell_3
337,337,337,531,cell_3
338,338,338,2784,cell_3
339,339,339,538,cell_3
340,340,340,531,cell_3
341,341,341,538,cell_3
342,342,342,231,cell_3
343,343,343,536,cell_3
344,344,344,565,cell_3
345,345,345,534,cell_3
346,346,346,2784,cell_3
347,347,347,166,cell_3
348,348,348,123,cell_3
349,349,349,175,cell_3
350,350,350,526,cell_3
351,351,351,564,cell_3
352,352,352,168,cell_3
353,353,353,2784,cell_3
354,354,354,533,cell_3
355,355,355,217,cell_3
356,356,356,197,cell_3
357,357,357,176,cell_3
358,358,358,182,cell_3
359,359,359,172,cell_3
360,360,360,272,cell_3
361,361,361,544,cell_3
362,362,362,545,cell_3
363,363,363,324,cell_3
364,364,364,177,cell_3
365,365,365,184,cell_3
366,366,366,127,cell_3
367,367,367,179,cell_3
368,368,368,178,cell_3
369,369,369,175,cell_3
370,370,370,172,cell_3
371,371,371,167,cell_3
372,372,372,172,cell_3
373,373,373,168,cell_3
374,374,374,165,cell_3
375,375,375,169,cell_3
376,376,376,165,cell_3
377,377,377,173,cell_3
378,378,378,166,cell_3
379,379,379,165,cell_3
380,380,380,169,cell_3
381,381,381,163,cell_3
382,382,382,152,cell_3
383,383,383,101,cell_3
384,384,384,163,cell_3
385,385,385,169,cell_3
386,386,386,70,cell_3
387,387,387,169,cell_3
388,388,388,174,cell_3
389,389,389,164,cell_3
390,390,390,162,cell_3
391,391,391,168,cell_3
392,392,392,164,cell_3
393,393,393,73,cell_3
394,394,394,168,cell_3
395,395,395,173,cell_3
396,396,396,175,cell_3
397,397,397,170,cell_3
398,398,398,168,cell_3
399,399,399,170,cell_3
400,400,400,177,cell_3
401,401,401,178,cell_3
402,402,402,174,cell_3
403,403,403,177,cell_3
404,404,404,172,cell_3
405,405,405,176,cell_3
406,406,406,171,cell_3
407,407,407,173,cell_3
408,408,408,176,cell_3
409,409,409,173,cell_3
410,410,410,172,cell_3
411,411,411,180,cell_3
412,412,412,166,cell_3
413,413,413,174,cell_3
414,414,414,174,cell_3
415,415,415,178,cell_3
416,416,416,184,cell_3
417,417,417,184,cell_3
418,418,418,172,cell_3
419,419,419,170,cell_3
420,420,420,170,cell_3
421,421,421,169,cell_3
422,422,422,177,cell_3
423,423,423,173,cell_3
424,424,424,172,cell_3
425,425,425,172,cell_3
426,426,426,166,cell_3
427,427,427,178,cell_3
428,428,428,167,cell_3
429,429,429,174,cell_3
430,430,430,181,cell_3
431,431,431,166,cell_3
432,432,432,174,cell_3
433,433,433,173,cell_3
434,434,434,168,cell_3
435,435,435,169,cell_3
436,436,436,174,cell_3
437,437,437,169,cell_3
438,438,438,170,cell_3
439,439,439,168,cell_3
440,440,440,165,cell_3
441,441,441,163,cell_3
442,442,442,170,cell_3
443,443,443,172,cell_3
444,444,444,173,cell_3
445,445,445,173,cell_3
446,446,446,166,cell_3
447,447,447,169,cell_3
448,448,448,169,cell_3
449,449,449,165,cell_3
450,450,450,163,cell_3
451,451,451,171,cell_3
452,452,452,172,cell_3
453,453,453,171,cell_3
454,454,454,171,cell_3
455,455,455,167,cell_3
456,456,456,171,cell_3
457,457,457,167,cell_3
458,458,458,168,cell_3
459,459,459,174,cell_3
460,460,460,169,cell_3
461,461,461,168,cell_3
462,462,462,219,cell_3
463,463,463,269,cell_3
464,464,464,165,cell_3
465,465,465,200,cell_3
466,466,466,167,cell_3
467,467,467,170,cell_3
468,468,468,174,cell_3
469,469,469,171,cell_3
470,470,470,175,cell_3
471,471,471,172,cell_3
472,472,472,165,cell_3
473,473,473,173,cell_3
474,474,474,168,cell_3
475,475,475,165,cell_3
476,476,476,170,cell_3
477,477,477,169,cell_3
478,478,478,163,cell_3
479,479,479,172,cell_3
480,480,480,175,cell_3
481,481,481,168,cell_3
482,482,482,167,cell_3
483,483,483,170,cell_3
484,484,484,167,cell_3
485,485,485,167,cell_3
486,486,486,166,cell_3
487,487,487,169,cell_3
488,488,488,167,cell_3
489,489,489,167,cell_3
490,490,490,179,cell_3
491,491,491,166,cell_3
492,492,492,169,cell_3
493,493,493,170,cell_3
494,494,494,170,cell_3
495,495,495,162,cell_3
496,496,496,165,cell_3
497,497,497,168,cell_3
498,498,498,168,cell_3
499,499,499,176,cell_3
500,500,500,167,cell_3
501,501,501,166,cell_3
502,502,502,168,cell_3
503,503,503,169,cell_3
504,504,504,170,cell_3
505,505,505,168,cell_3
506,506,506,175,cell_3
507,507,507,168,cell_3
508,508,508,168,cell_3
509,509,509,169,cell_3
510,510,510,165,cell_3
511,511,511,169,cell_3
512,512,512,169,cell_3
513,513,513,164,cell_3
514,514,514,171,cell_3
515,515,515,166,cell_3
516,516,516,162,cell_3
517,517,517,171,cell_3
518,518,518,164,cell_3
519,519,519,160,cell_3
520,520,520,171,cell_3
521,521,521,167,cell_3
522,522,522,173,cell_3
523,523,523,165,cell_3
524,524,524,166,cell_3
525,525,525,165,cell_3
526,526,526,168,cell_3
527,527,527,172,cell_3
528,528,528,163,cell_3
529,529,529,162,cell_3
530,530,530,165,cell_3
531,531,531,163,cell_3
532,532,532,167,cell_3
533,533,533,147,cell_3
534,534,534,59,cell_3
535,535,535,174,cell_3
536,536,536,169,cell_3
537,537,537,167,cell_3
538,538,538,171,cell_3
539,539,539,172,cell_3
540,540,540,168,cell_3
541,541,541,168,cell_3
542,542,542,163,cell_3
543,543,543,168,cell_3
544,544,544,70,cell_3
545,545,545,170,cell_3
546,546,546,165,cell_3
547,547,547,166,cell_3
548,548,548,167,cell_3
549,549,549,164,cell_3
550,550,550,174,cell_3
551,551,551,175,cell_3
552,552,552,50,cell_3
553,553,553,171,cell_3
554,554,554,553,cell_3
555,555,555,244,cell_3
556,556,556,169,cell_3
557,557,557,204,cell_3
558,558,558,201,cell_3
559,559,559,181,cell_3
560,560,560,178,cell_3
561,561,561,333,cell_3
562,562,562,306,cell_3
563,563,563,2784,cell_3
564,564,564,207,cell_3
565,565,565,2784,cell_3
566,566,566,207,cell_3
567,567,567,2784,cell_3
568,568,568,162,cell_3
569,569,569,2784,cell_3
570,570,570,207,cell_3
571,571,571,170,cell_3
572,572,572,168,cell_3
573,573,573,172,cell_3
574,574,574,173,cell_3
575,575,575,177,cell_3
576,576,576,179,cell_3
577,577,577,180,cell_3
578,578,578,185,cell_3
579,579,579,185,cell_3
580,580,580,185,cell_3
581,581,581,173,cell_3
582,582,582,171,cell_3
583,583,583,164,cell_3
584,584,584,164,cell_3
585,585,585,170,cell_3
586,586,586,170,cell_3
587,587,587,172,cell_3
588,588,588,174,cell_3
589,589,589,164,cell_3
590,590,590,167,cell_3
591,591,591,329,cell_3
592,592,592,403,cell_3
593,593,593,330,cell_3
594,594,594,207,cell_3
595,595,595,512,cell_3
596,596,596,558,cell_3
597,597,597,555,cell_3
598,598,598,529,cell_3
599,599,599,217,cell_3
600,600,600,262,cell_3
601,601,601,200,cell_3
602,602,602,525,cell_3
603,603,603,511,cell_3
604,604,604,563,cell_3
605,605,605,570,cell_3
606,606,606,548,cell_3
607,607,607,560,cell_3
608,608,608,338,cell_3
609,609,609,359,cell_3
610,610,610,350,cell_3
611,611,611,512,cell_3
612,612,612,354,cell_3
613,613,613,302,cell_3
614,614,614,312,cell_3
615,615,615,322,cell_3
616,616,616,525,cell_3
617,617,617,371,cell_3
618,618,618,344,cell_3
619,619,619,176,cell_3
620,620,620,328,cell_3
621,621,621,179,cell_3
622,622,622,520,cell_3
623,623,623,98,cell_3
624,624,624,521,cell_3
625,625,625,521,cell_3
626,626,626,250,cell_3
627,627,627,544,cell_3
628,628,628,210,cell_3
629,629,629,532,cell_3
630,630,630,351,cell_3
631,631,631,545,cell_3
632,632,632,238,cell_3
633,633,633,312,cell_3
634,634,634,510,cell_3
635,635,635,555,cell_3
636,636,636,395,cell_3
637,637,637,465,cell_3
638,638,638,160,cell_3
639,639,639,374,cell_3
640,640,640,347,cell_3
641,641,641,236,cell_3
642,642,642,546,cell_3
643,643,643,179,cell_3
644,644,644,538,cell_3
645,645,645,517,cell_3
646,646,646,175,cell_3
647,647,647,361,cell_3
648,648,648,527,cell_3
649,649,649,346,cell_3
650,650,650,545,cell_3
651,651,651,122,cell_3
652,652,652,108,cell_3
653,653,653,134,cell_3
654,654,654,526,cell_3
655,655,655,548,cell_3
656,656,656,111,cell_3
657,657,657,46,cell_3
658,658,658,573,cell_3
659,659,659,349,cell_3
660,660,660,208,cell_3
661,661,661,811,cell_3
662,662,662,217,cell_3
663,663,663,209,cell_3
664,664,664,283,cell_3
665,665,665,857,cell_3
666,666,666,1180,cell_3
667,667,667,254,cell_3
668,668,668,215,cell_3
669,669,669,305,cell_3
670,670,670,277,cell_3
671,671,671,307,cell_3
672,672,672,246,cell_3
673,673,673,222,cell_3
674,674,674,266,cell_3
675,675,675,284,cell_3
676,676,676,202,cell_3
677,677,677,190,cell_3
678,678,678,182,cell_3
679,679,679,182,cell_3
680,680,680,182,cell_3
681,681,681,189,cell_3
682,682,682,187,cell_3
683,683,683,188,cell_3
684,684,684,189,cell_3
685,685,685,184,cell_3
686,686,686,185,cell_3
687,687,687,190,cell_3
688,688,688,185,cell_3
689,689,689,186,cell_3
690,690,690,188,cell_3
691,691,691,189,cell_3
692,692,692,184,cell_3
693,693,693,183,cell_3
694,694,694,186,cell_3
695,695,695,191,cell_3
696,696,696,184,cell_3
697,697,697,194,cell_3
698,698,698,188,cell_3
699,699,699,188,cell_3
700,700,700,186,cell_3
701,701,701,183,cell_3
702,702,702,185,cell_3
703,703,703,181,cell_3
704,704,704,191,cell_3
705,705,705,192,cell_3
706,706,706,194,cell_3
707,707,707,197,cell_3
708,708,708,187,cell_3
709,709,709,183,cell_3
710,710,710,186,cell_3
711,711,711,187,cell_3
712,712,712,188,cell_3
713,713,713,187,cell_3
714,714,714,185,cell_3
715,715,715,187,cell_3
716,716,716,181,cell_3
717,717,717,193,cell_3
718,718,718,194,cell_3
719,719,719,187,cell_3
720,720,720,196,cell_3
721,721,721,189,cell_3
722,722,722,184,cell_3
723,723,723,193,cell_3
724,724,724,189,cell_3
725,725,725,196,cell_3
726,726,726,193,cell_3
727,727,727,184,cell_3
728,728,728,191,cell_3
729,729,729,187,cell_3
730,730,730,194,cell_3
731,731,731,191,cell_3
732,732,732,197,cell_3
733,733,733,188,cell_3
734,734,734,195,cell_3
735,735,735,186,cell_3
736,736,736,187,cell_3
737,737,737,182,cell_3
738,738,738,198,cell_3
739,739,739,192,cell_3
740,740,740,189,cell_3
741,741,741,189,cell_3
742,742,742,175,cell_3
743,743,743,179,cell_3
744,744,744,184,cell_3
745,745,745,188,cell_3
746,746,746,194,cell_3
747,747,747,186,cell_3
748,748,748,181,cell_3
749,749,749,185,cell_3
750,750,750,189,cell_3
751,751,751,185,cell_3
752,752,752,183,cell_3
753,753,753,181,cell_3
754,754,754,185,cell_3
755,755,755,183,cell_3
756,756,756,183,cell_3
757,757,757,184,cell_3
758,758,758,182,cell_3
759,759,759,187,cell_3
760,760,760,189,cell_3
761,761,761,185,cell_3
762,762,762,182,cell_3
763,763,763,186,cell_3
764,764,764,174,cell_3
765,765,765,172,cell_3
766,766,766,167,cell_3
767,767,767,185,cell_3
768,768,768,180,cell_3
769,769,769,185,cell_3
770,770,770,193,cell_3
771,771,771,181,cell_3
772,772,772,195,cell_3
773,773,773,187,cell_3
774,774,774,197,cell_3
775,775,775,186,cell_3
776,776,776,188,cell_3
777,777,777,185,cell_3
778,778,778,180,cell_3
779,779,779,183,cell_3
780,780,780,181,cell_3
781,781,781,184,cell_3
782,782,782,192,cell_3
783,783,783,188,cell_3
784,784,784,173,cell_3
785,785,785,176,cell_3
786,786,786,176,cell_3
787,787,787,181,cell_3
788,788,788,177,cell_3
789,789,789,185,cell_3
790,790,790,174,cell_3
791,791,791,180,cell_3
792,792,792,177,cell_3
793,793,793,182,cell_3
794,794,794,191,cell_3
795,795,795,189,cell_3
796,796,796,193,cell_3
797,797,797,192,cell_3
798,798,798,191,cell_3
799,799,799,196,cell_3
800,800,800,185,cell_3
801,801,801,187,cell_3
802,802,802,185,cell_3
803,803,803,186,cell_3
804,804,804,185,cell_3
805,805,805,191,cell_3
806,806,806,181,cell_3
807,807,807,178,cell_3
808,808,808,185,cell_3
809,809,809,186,cell_3
810,810,810,189,cell_3
811,811,811,182,cell_3
812,812,812,179,cell_3
813,813,813,186,cell_3
814,814,814,182,cell_3
815,815,815,185,cell_3
816,816,816,186,cell_3
817,817,817,182,cell_3
818,818,818,181,cell_3
819,819,819,180,cell_3
820,820,820,185,cell_3
821,821,821,181,cell_3
822,822,822,185,cell_3
823,823,823,181,cell_3
824,824,824,189,cell_3
825,825,825,186,cell_3
826,826,826,187,cell_3
827,827,827,179,cell_3
828,828,828,180,cell_3
829,829,829,184,cell_3
830,830,830,182,cell_3
831,831,831,180,cell_3
832,832,832,181,cell_3
833,833,833,180,cell_3
834,834,834,184,cell_3
835,835,835,180,cell_3
836,836,836,180,cell_3
837,837,837,169,cell_3
838,838,838,167,cell_3
839,839,839,169,cell_3
840,840,840,170,cell_3
841,841,841,174,cell_3
842,842,842,184,cell_3
843,843,843,188,cell_3
844,844,844,189,cell_3
845,845,845,187,cell_3
846,846,846,191,cell_3
847,847,847,183,cell_3
848,848,848,187,cell_3
849,849,849,184,cell_3
850,850,850,187,cell_3
851,851,851,194,cell_3
852,852,852,182,cell_3
853,853,853,182,cell_3
854,854,854,187,cell_3
855,855,855,182,cell_3
856,856,856,186,cell_3
857,857,857,196,cell_3
858,858,858,183,cell_3
859,859,859,184,cell_3
860,860,860,192,cell_3
861,861,861,177,cell_3
862,862,862,178,cell_3
863,863,863,178,cell_3
864,864,864,183,cell_3
865,865,865,178,cell_3
866,866,866,190,cell_3
867,867,867,188,cell_3
868,868,868,183,cell_3
869,869,869,178,cell_3
870,870,870,179,cell_3
871,871,871,185,cell_3
872,872,872,179,cell_3
873,873,873,180,cell_3
874,874,874,182,cell_3
875,875,875,174,cell_3
876,876,876,187,cell_3
877,877,877,185,cell_3
878,878,878,175,cell_3
879,879,879,185,cell_3
880,880,880,180,cell_3
881,881,881,180,cell_3
882,882,882,181,cell_3
883,883,883,185,cell_3
884,884,884,185,cell_3
885,885,885,183,cell_3
886,886,886,188,cell_3
887,887,887,183,cell_3
888,888,888,175,cell_3
889,889,889,179,cell_3
890,890,890,187,cell_3
891,891,891,179,cell_3
892,892,892,184,cell_3
893,893,893,182,cell_3
894,894,894,177,cell_3
895,895,895,182,cell_3
896,896,896,184,cell_3
897,897,897,172,cell_3
898,898,898,172,cell_3
899,899,899,189,cell_3
900,900,900,181,cell_3
901,901,901,183,cell_3
902,902,902,180,cell_3
903,903,903,177,cell_3
904,904,904,181,cell_3
905,905,905,179,cell_3
906,906,906,179,cell_3
907,907,907,174,cell_3
908,908,908,171,cell_3
909,909,909,173,cell_3
910,910,910,183,cell_3
911,911,911,185,cell_3
912,912,912,187,cell_3
913,913,913,177,cell_3
914,914,914,175,cell_3
915,915,915,181,cell_3
916,916,916,175,cell_3
917,917,917,174,cell_3
918,918,918,173,cell_3
919,919,919,178,cell_3
920,920,920,181,cell_3
921,921,921,160,cell_3
922,922,922,406,cell_3
923,923,923,447,cell_3
924,924,924,196,cell_3
925,925,925,239,cell_3
926,926,926,59,cell_3
927,927,927,187,cell_3
928,928,928,201,cell_3
929,929,929,207,cell_3
930,930,930,245,cell_3
931,931,931,394,cell_3
932,932,932,192,cell_3
933,933,933,2784,cell_3
934,934,934,2784,cell_3
935,935,935,543,cell_3
